{"cameraMode":{"drawMode":0,"name":"Shaded","section":"Shading Mode"},"sceneLighting":true,"audioPlay":false,"sceneViewState":{"m_AlwaysRefresh":false,"showFog":true,"showSkybox":true,"showFlares":true,"showImageEffects":true,"showParticleSystems":true,"showVisualEffectGraphs":true,"m_FxEnabled":true},"in2DMode":false,"pivot":{"x":0.13265752792358399,"y":1.7974345684051514,"z":-0.08071945607662201},"rotation":{"x":-0.00658547505736351,"y":-0.9771463871002197,"z":0.2101176679134369,"w":-0.0298517644405365},"size":2.9270451068878176,"orthographic":false}